0Zhe,1Zhe,2Zhe,3Zhe,4Zhe
"('ProNE_Emb_1', 1849.0)","('tid_unique', 1850.0)","('ProNE_Emb_1', 1927.0)","('ProNE_Emb_1', 1756.0)","('ProNE_Emb_24', 2053.0)"
"('ProNE_Emb_19', 1710.0)","('ProNE_Emb_19', 1813.0)","('ProNE_Emb_24', 1816.0)","('controlservice', 1755.0)","('ProNE_Emb_1', 1857.0)"
"('ProNE_Emb_24', 1665.0)","('ProNE_Emb_1', 1788.0)","('tid_unique', 1796.0)","('tid_unique', 1753.0)","('ProNE_Emb_19', 1809.0)"
"('tid_unique', 1611.0)","('ProNE_Emb_3', 1736.0)","('ProNE_Emb_3', 1670.0)","('ProNE_Emb_24', 1745.0)","('controlservice', 1743.0)"
"('controlservice', 1555.0)","('ProNE_Emb_24', 1694.0)","('ProNE_Emb_19', 1650.0)","('ProNE_Emb_3', 1653.0)","('ProNE_Emb_3', 1632.0)"
"('ProNE_Emb_3', 1494.0)","('ProNE_Emb_50', 1641.0)","('controlservice', 1611.0)","('ProNE_Emb_19', 1633.0)","('ProNE_Emb_34', 1554.0)"
"('ProNE_Emb_23', 1402.0)","('controlservice', 1618.0)","('file_id_tid_emb_1', 1432.0)","('max_tid', 1619.0)","('ProNE_Emb_50', 1536.0)"
"('ProNE_Emb_33', 1371.0)","('file_id_tid_emb_6', 1543.0)","('ProNE_Emb_23', 1424.0)","('file_id_tid_emb_13', 1523.0)","('tid_unique', 1515.0)"
"('file_id_tid_emb_1', 1363.0)","('ProNE_Emb_57', 1543.0)","('ProNE_Emb_34', 1371.0)","('ProNE_Emb_34', 1508.0)","('ProNE_Emb_55', 1433.0)"
"('ProNE_Emb_34', 1306.0)","('file_id_tid_emb_60', 1520.0)","('ProNE_Emb_47', 1334.0)","('file_id_tid_emb_15', 1486.0)","('file_id_tid_emb_1', 1422.0)"
"('file_id_tid_emb_30', 1291.0)","('file_id_tid_emb_1', 1507.0)","('max_tid', 1331.0)","('file_id_tid_emb_33', 1478.0)","('ProNE_Emb_33', 1421.0)"
"('ProNE_Emb_47', 1279.0)","('ProNE_Emb_33', 1484.0)","('ProNE_Emb_50', 1331.0)","('file_id_tid_emb_4', 1458.0)","('ProNE_Emb_47', 1379.0)"
"('max_tid', 1257.0)","('file_id_tid_emb_13', 1461.0)","('setstdhandle', 1294.0)","('file_id_tid_emb_40', 1437.0)","('ProNE_Emb_38', 1353.0)"
"('file_id_tid_emb_60', 1257.0)","('max_tid', 1447.0)","('ProNE_Emb_35', 1268.0)","('ProNE_Emb_55', 1436.0)","('max_tid', 1345.0)"
"('ProNE_Emb_15', 1242.0)","('ProNE_Emb_20', 1436.0)","('ProNE_Emb_11', 1260.0)","('ProNE_Emb_50', 1422.0)","('setstdhandle', 1341.0)"
"('ProNE_Emb_52', 1235.0)","('ProNE_Emb_23', 1434.0)","('file_id_tid_emb_13', 1258.0)","('ProNE_Emb_47', 1418.0)","('file_id_tid_emb_17', 1330.0)"
"('setstdhandle', 1225.0)","('ProNE_Emb_35', 1395.0)","('file_id_tid_emb_6', 1241.0)","('file_id_tid_emb_1', 1388.0)","('ProNE_Emb_23', 1328.0)"
"('ProNE_Emb_50', 1210.0)","('ProNE_Emb_34', 1378.0)","('file_id_tid_emb_10', 1239.0)","('ProNE_Emb_52', 1380.0)","('file_id_tid_emb_0', 1295.0)"
"('ProNE_Emb_43', 1209.0)","('file_id_tid_emb_12', 1357.0)","('ProNE_Emb_15', 1211.0)","('file_id_tid_emb_30', 1379.0)","('ProNE_Emb_18', 1281.0)"
"('ProNE_Emb_38', 1196.0)","('file_id_tid_emb_53', 1350.0)","('ProNE_Emb_57', 1209.0)","('ProNE_Emb_43', 1376.0)","('file_id_tid_emb_7', 1266.0)"
"('file_id_tid_emb_4', 1192.0)","('ProNE_Emb_59', 1331.0)","('ProNE_Emb_31', 1203.0)","('ProNE_Emb_45', 1372.0)","('file_id_tid_emb_12', 1260.0)"
"('regqueryvalueexw', 1184.0)","('ProNE_Emb_47', 1316.0)","('ProNE_Emb_12', 1199.0)","('ProNE_Emb_23', 1341.0)","('ProNE_Emb_59', 1258.0)"
"('ProNE_Emb_39', 1184.0)","('ntmapviewofsection', 1315.0)","('ntmapviewofsection', 1198.0)","('ProNE_Emb_57', 1335.0)","('file_id_tid_emb_13', 1254.0)"
"('file_id_tid_emb_0', 1182.0)","('max_tid_counts', 1312.0)","('ProNE_Emb_33', 1198.0)","('ProNE_Emb_28', 1331.0)","('file_id_tid_emb_53', 1253.0)"
"('ProNE_Emb_59', 1167.0)","('ProNE_Emb_55', 1309.0)","('ProNE_Emb_38', 1190.0)","('ProNE_Emb_15', 1328.0)","('ProNE_Emb_52', 1242.0)"
"('ProNE_Emb_35', 1155.0)","('file_id_tid_emb_32', 1307.0)","('file_id_api_emb_15', 1186.0)","('file_id_tid_emb_47', 1326.0)","('file_id_tid_emb_14', 1240.0)"
"('ProNE_Emb_4', 1147.0)","('ProNE_Emb_43', 1301.0)","('min_api_counts', 1173.0)","('createactctxw', 1326.0)","('ntmapviewofsection', 1238.0)"
"('ProNE_Emb_31', 1144.0)","('setstdhandle', 1284.0)","('ProNE_Emb_2', 1166.0)","('file_id_tid_emb_34', 1304.0)","('min_tid', 1235.0)"
"('ntcreatethreadex', 1137.0)","('ProNE_Emb_11', 1276.0)","('ProNE_Emb_28', 1162.0)","('ProNE_Emb_33', 1300.0)","('ProNE_Emb_57', 1225.0)"
"('ProNE_Emb_11', 1134.0)","('file_id_tid_emb_23', 1273.0)","('ProNE_Emb_52', 1160.0)","('ntmapviewofsection', 1290.0)","('ProNE_Emb_39', 1221.0)"
"('ProNE_Emb_55', 1134.0)","('file_id_tid_emb_30', 1262.0)","('ProNE_Emb_17', 1152.0)","('file_id_tid_emb_21', 1289.0)","('file_id_tid_emb_6', 1215.0)"
"('ntmapviewofsection', 1123.0)","('file_id_tid_emb_61', 1259.0)","('ProNE_Emb_39', 1148.0)","('ntcreatethreadex', 1284.0)","('ProNE_Emb_31', 1213.0)"
"('ProNE_Emb_17', 1123.0)","('ProNE_Emb_18', 1259.0)","('file_id_tid_emb_50', 1139.0)","('file_id_tid_emb_10', 1281.0)","('ProNE_Emb_13', 1211.0)"
"('file_id_tid_emb_10', 1115.0)","('ProNE_Emb_17', 1246.0)","('ntunmapviewofsection', 1129.0)","('ProNE_Emb_17', 1276.0)","('ProNE_Emb_45', 1205.0)"
"('file_id_tid_emb_61', 1107.0)","('ProNE_Emb_45', 1246.0)","('ProNE_Emb_59', 1129.0)","('ProNE_Emb_59', 1275.0)","('ProNE_Emb_35', 1196.0)"
"('ProNE_Emb_56', 1097.0)","('file_id_tid_emb_17', 1243.0)","('ProNE_Emb_20', 1125.0)","('ProNE_Emb_39', 1273.0)","('file_id_tid_emb_45', 1194.0)"
"('file_id_tid_emb_47', 1094.0)","('file_id_tid_emb_10', 1239.0)","('ProNE_Emb_55', 1125.0)","('file_id_tid_emb_6', 1266.0)","('file_id_tid_emb_10', 1190.0)"
"('ProNE_Emb_12', 1079.0)","('ProNE_Emb_12', 1231.0)","('file_id_tid_emb_24', 1108.0)","('ProNE_Emb_13', 1234.0)","('ProNE_Emb_20', 1171.0)"
"('file_id_api_emb_15', 1078.0)","('file_id_tid_emb_25', 1228.0)","('ProNE_Emb_36', 1105.0)","('file_id_tid_emb_52', 1229.0)","('file_id_tid_emb_47', 1169.0)"
"('file_id_tid_emb_32', 1072.0)","('std_api_counts', 1225.0)","('ProNE_Emb_18', 1102.0)","('ProNE_Emb_35', 1228.0)","('regqueryvalueexw', 1165.0)"
"('min_api_counts', 1071.0)","('ntcreatethreadex', 1216.0)","('file_id_tid_emb_28', 1098.0)","('regqueryvalueexw', 1225.0)","('file_id_tid_emb_15', 1161.0)"
"('ProNE_Emb_20', 1071.0)","('file_id_tid_emb_16', 1213.0)","('file_id_tid_emb_62', 1096.0)","('ProNE_Emb_38', 1225.0)","('ProNE_Emb_43', 1159.0)"
"('ProNE_Emb_21', 1065.0)","('file_id_api_emb_15', 1209.0)","('regqueryvalueexw', 1093.0)","('file_id_tid_emb_59', 1224.0)","('ProNE_Emb_17', 1158.0)"
"('file_id_tid_emb_13', 1059.0)","('file_id_tid_emb_14', 1191.0)","('file_id_tid_emb_45', 1092.0)","('file_id_tid_emb_50', 1223.0)","('file_id_tid_emb_22', 1156.0)"
"('ProNE_Emb_13', 1057.0)","('file_id_tid_emb_50', 1190.0)","('api_unique', 1089.0)","('file_id_tid_emb_61', 1214.0)","('ProNE_Emb_15', 1156.0)"
"('file_id_tid_emb_33', 1052.0)","('ProNE_Emb_52', 1189.0)","('ProNE_Emb_56', 1089.0)","('file_id_tid_emb_35', 1208.0)","('min_api_counts', 1152.0)"
"('createactctxw', 1051.0)","('min_api_counts', 1186.0)","('file_id_tid_emb_25', 1083.0)","('min_api_counts', 1204.0)","('ProNE_Emb_56', 1148.0)"
"('file_id_tid_emb_17', 1044.0)","('ProNE_Emb_15', 1186.0)","('file_id_tid_emb_32', 1082.0)","('max_tid_counts', 1200.0)","('ProNE_Emb_11', 1147.0)"
"('ntcreatekey', 1043.0)","('file_id_tid_emb_39', 1179.0)","('file_id_tid_emb_61', 1079.0)","('file_id_tid_emb_29', 1196.0)","('file_id_tid_emb_34', 1146.0)"
"('ntunmapviewofsection', 1035.0)","('file_id_tid_emb_49', 1169.0)","('createactctxw', 1079.0)","('ProNE_Emb_18', 1195.0)","('file_id_api_emb_15', 1144.0)"
"('ProNE_Emb_28', 1031.0)","('file_id_tid_emb_62', 1165.0)","('ProNE_Emb_32', 1079.0)","('ProNE_Emb_16', 1193.0)","('file_id_tid_emb_59', 1134.0)"
"('file_id_tid_emb_53', 1030.0)","('file_id_api_emb_6', 1161.0)","('file_id_tid_emb_46', 1074.0)","('ProNE_Emb_20', 1191.0)","('file_id_tid_emb_49', 1132.0)"
"('ProNE_Emb_32', 1030.0)","('file_id_api_emb_42', 1159.0)","('getsystemdirectoryw', 1074.0)","('ProNE_Emb_11', 1190.0)","('ntcreatethreadex', 1131.0)"
"('ProNE_Emb_57', 1027.0)","('file_id_tid_emb_45', 1157.0)","('file_id_tid_emb_15', 1073.0)","('file_id_tid_emb_49', 1188.0)","('file_id_api_emb_63', 1129.0)"
"('file_id_tid_emb_45', 1024.0)","('ProNE_Emb_54', 1157.0)","('file_id_tid_emb_47', 1073.0)","('ProNE_Emb_31', 1187.0)","('file_id_tid_emb_32', 1120.0)"
"('file_id_tid_emb_2', 1018.0)","('file_id_api_emb_63', 1156.0)","('file_id_tid_emb_7', 1066.0)","('file_id_tid_emb_22', 1178.0)","('ProNE_Emb_36', 1107.0)"
"('file_id_tid_emb_54', 1017.0)","('file_id_tid_emb_27', 1146.0)","('std_api_counts', 1064.0)","('file_id_api_emb_63', 1174.0)","('file_id_tid_emb_50', 1098.0)"
"('file_id_api_emb_6', 1016.0)","('ProNE_Emb_39', 1144.0)","('file_id_tid_emb_34', 1064.0)","('file_id_tid_emb_5', 1174.0)","('file_id_tid_emb_30', 1093.0)"
"('file_id_tid_emb_24', 1016.0)","('file_id_tid_emb_7', 1143.0)","('file_id_tid_emb_17', 1048.0)","('ProNE_Emb_48', 1173.0)","('file_id_tid_emb_19', 1091.0)"
"('file_id_tid_emb_34', 1009.0)","('file_id_tid_emb_52', 1140.0)","('file_id_tid_emb_20', 1038.0)","('file_id_tid_emb_7', 1170.0)","('file_id_tid_emb_61', 1083.0)"
"('getsystemmetrics', 997.0)","('file_id_tid_emb_35', 1137.0)","('file_id_tid_emb_12', 1036.0)","('file_id_tid_emb_45', 1168.0)","('file_id_tid_emb_46', 1082.0)"
"('min_tid', 996.0)","('regqueryvalueexw', 1136.0)","('file_id_tid_emb_4', 1033.0)","('file_id_tid_emb_8', 1164.0)","('file_id_tid_emb_24', 1080.0)"
"('file_id_tid_emb_12', 995.0)","('ProNE_Emb_13', 1134.0)","('file_id_tid_emb_60', 1031.0)","('file_id_tid_emb_32', 1161.0)","('file_id_tid_emb_60', 1080.0)"
"('file_id_tid_emb_19', 991.0)","('ProNE_Emb_56', 1133.0)","('file_id_api_emb_58', 1028.0)","('std_api_counts', 1155.0)","('max_tid_counts', 1078.0)"
"('file_id_api_emb_63', 990.0)","('file_id_tid_emb_5', 1132.0)","('ntcreatethreadex', 1026.0)","('file_id_tid_emb_53', 1151.0)","('file_id_tid_emb_33', 1074.0)"
"('file_id_tid_emb_6', 988.0)","('ProNE_Emb_30', 1129.0)","('ProNE_Emb_4', 1025.0)","('ProNE_Emb_12', 1149.0)","('file_id_tid_emb_58', 1074.0)"
"('registerhotkey', 980.0)","('file_id_tid_emb_34', 1126.0)","('ProNE_Emb_13', 1021.0)","('ProNE_Emb_54', 1149.0)","('ProNE_Emb_30', 1074.0)"
"('ProNE_Emb_62', 978.0)","('ProNE_Emb_36', 1125.0)","('ProNE_Emb_45', 1020.0)","('file_id_api_emb_32', 1147.0)","('ProNE_Emb_32', 1064.0)"
"('ProNE_Emb_26', 976.0)","('createactctxw', 1124.0)","('file_id_api_emb_32', 1013.0)","('file_id_tid_emb_25', 1146.0)","('file_id_tid_emb_4', 1061.0)"
"('ProNE_Emb_37', 975.0)","('ProNE_Emb_28', 1120.0)","('registerhotkey', 1012.0)","('file_id_tid_emb_18', 1141.0)","('ProNE_Emb_12', 1061.0)"
"('file_id_tid_emb_31', 969.0)","('file_id_tid_emb_26', 1119.0)","('file_id_tid_emb_21', 1011.0)","('file_id_tid_emb_43', 1131.0)","('file_id_api_emb_21', 1059.0)"
"('ProNE_Emb_58', 964.0)","('ntunmapviewofsection', 1109.0)","('ProNE_Emb_43', 1008.0)","('file_id_tid_emb_12', 1127.0)","('createactctxw', 1059.0)"
"('file_id_api_emb_32', 961.0)","('getsystemdirectoryw', 1106.0)","('ProNE_Emb_21', 1001.0)","('ProNE_Emb_36', 1127.0)","('ntunmapviewofsection', 1059.0)"
"('file_id_tid_emb_20', 961.0)","('ProNE_Emb_31', 1106.0)","('netusergetlocalgroups', 1000.0)","('file_id_tid_emb_54', 1121.0)","('getsystemmetrics', 1056.0)"
"('file_id_tid_emb_59', 959.0)","('file_id_tid_emb_24', 1105.0)","('file_id_tid_emb_16', 998.0)","('ProNE_Emb_32', 1118.0)","('api_unique', 1050.0)"
"('file_id_tid_emb_37', 956.0)","('file_id_tid_emb_37', 1102.0)","('file_id_api_emb_46', 996.0)","('file_id_tid_emb_51', 1114.0)","('ProNE_Emb_28', 1045.0)"
"('ProNE_Emb_54', 956.0)","('file_id_tid_emb_0', 1097.0)","('file_id_tid_emb_39', 993.0)","('ProNE_Emb_58', 1113.0)","('file_id_tid_emb_2', 1041.0)"
"('ProNE_Emb_16', 953.0)","('file_id_tid_emb_47', 1092.0)","('min_tid', 991.0)","('file_id_tid_emb_23', 1112.0)","('file_id_tid_emb_40', 1037.0)"
"('min_tid_counts', 951.0)","('ProNE_Emb_38', 1089.0)","('file_id_tid_emb_33', 991.0)","('file_id_api_emb_42', 1107.0)","('ProNE_Emb_58', 1034.0)"
"('file_id_tid_emb_14', 948.0)","('ProNE_Emb_48', 1086.0)","('file_id_api_emb_42', 986.0)","('api_unique', 1100.0)","('ProNE_Emb_37', 1025.0)"
"('ProNE_Emb_60', 940.0)","('file_id_tid_emb_15', 1080.0)","('file_id_tid_emb_35', 982.0)","('ProNE_Emb_56', 1099.0)","('file_id_tid_emb_48', 1023.0)"
"('file_id_tid_emb_25', 937.0)","('ProNE_Emb_32', 1075.0)","('file_id_api_emb_24', 980.0)","('file_id_tid_emb_2', 1095.0)","('ProNE_Emb_21', 1023.0)"
"('file_id_tid_emb_23', 936.0)","('file_id_tid_emb_40', 1073.0)","('file_id_tid_emb_31', 974.0)","('ProNE_Emb_2', 1094.0)","('ProNE_Emb_44', 1021.0)"
"('file_id_api_emb_3', 931.0)","('file_id_tid_emb_31', 1070.0)","('file_id_api_emb_30', 973.0)","('file_id_api_emb_15', 1092.0)","('file_id_tid_emb_28', 1017.0)"
"('file_id_api_emb_0', 930.0)","('file_id_tid_emb_21', 1067.0)","('file_id_tid_emb_59', 969.0)","('setstdhandle', 1091.0)","('file_id_tid_emb_39', 1015.0)"
"('file_id_api_emb_42', 930.0)","('file_id_tid_emb_28', 1065.0)","('file_id_tid_emb_30', 964.0)","('file_id_tid_emb_16', 1087.0)","('file_id_tid_emb_52', 1012.0)"
"('file_id_api_emb_52', 928.0)","('file_id_tid_emb_4', 1064.0)","('file_id_tid_emb_8', 962.0)","('getsystemdirectoryw', 1086.0)","('ProNE_Emb_40', 1009.0)"
"('file_id_tid_emb_16', 926.0)","('setendoffile', 1061.0)","('file_id_tid_emb_51', 962.0)","('file_id_api_emb_6', 1084.0)","('ProNE_Emb_62', 1009.0)"
"('ProNE_Emb_2', 926.0)","('ProNE_Emb_42', 1053.0)","('file_id_api_emb_52', 959.0)","('ntunmapviewofsection', 1081.0)","('ProNE_Emb_4', 1005.0)"
"('ProNE_Emb_36', 923.0)","('ProNE_Emb_14', 1040.0)","('ProNE_Emb_62', 959.0)","('file_id_tid_emb_60', 1078.0)","('file_id_tid_emb_57', 1000.0)"
"('file_id_api_emb_46', 919.0)","('ProNE_Emb_21', 1039.0)","('file_id_api_emb_60', 957.0)","('ProNE_Emb_49', 1075.0)","('file_id_tid_emb_16', 991.0)"
"('file_id_tid_emb_21', 918.0)","('file_id_api_emb_58', 1038.0)","('file_id_tid_emb_5', 956.0)","('ProNE_Emb_41', 1073.0)","('ProNE_Emb_2', 982.0)"
"('file_id_tid_emb_39', 918.0)","('file_id_tid_emb_59', 1036.0)","('file_id_tid_emb_19', 952.0)","('file_id_tid_emb_19', 1069.0)","('std_api_counts', 980.0)"
"('file_id_api_emb_58', 917.0)","('ProNE_Emb_58', 1036.0)","('file_id_tid_emb_49', 951.0)","('registerhotkey', 1064.0)","('setendoffile', 979.0)"
"('file_id_tid_emb_15', 916.0)","('ProNE_Emb_44', 1035.0)","('file_id_tid_emb_26', 950.0)","('file_id_tid_emb_17', 1061.0)","('file_id_tid_emb_23', 977.0)"
"('file_id_tid_emb_40', 916.0)","('ntcreatekey', 1032.0)","('file_id_tid_emb_48', 950.0)","('file_id_tid_emb_39', 1060.0)","('file_id_tid_emb_56', 974.0)"
"('file_id_tid_emb_49', 915.0)","('netusergetlocalgroups', 1031.0)","('file_id_tid_emb_58', 949.0)","('ProNE_Emb_21', 1059.0)","('ProNE_Emb_26', 973.0)"
"('max_tid_counts', 912.0)","('ProNE_Emb_4', 1031.0)","('file_id_tid_emb_2', 940.0)","('ProNE_Emb_26', 1058.0)","('file_id_api_emb_7', 971.0)"
"('file_id_api_emb_21', 909.0)","('file_id_tid_emb_58', 1026.0)","('file_id_api_emb_8', 939.0)","('file_id_tid_emb_57', 1053.0)","('file_id_api_emb_42', 970.0)"
"('ProNE_Emb_51', 906.0)","('ProNE_Emb_60', 1025.0)","('file_id_tid_emb_0', 937.0)","('file_id_api_emb_24', 1047.0)","('ProNE_Emb_16', 969.0)"
"('file_id_api_emb_8', 902.0)","('file_id_tid_emb_8', 1024.0)","('file_id_tid_emb_22', 937.0)","('file_id_tid_emb_28', 1042.0)","('std_tid', 965.0)"
"('ntallocatevirtualmemory', 901.0)","('ProNE_Emb_29', 1021.0)","('ProNE_Emb_14', 936.0)","('file_id_tid_emb_26', 1041.0)","('file_id_tid_emb_8', 959.0)"
"('ProNE_Emb_41', 900.0)","('file_id_api_emb_60', 1019.0)","('getsystemmetrics', 935.0)","('file_id_tid_emb_41', 1035.0)","('file_id_api_emb_58', 957.0)"
"('file_id_tid_emb_44', 896.0)","('file_id_tid_emb_46', 1018.0)","('max_tid_counts', 934.0)","('file_id_tid_emb_58', 1035.0)","('ProNE_Emb_54', 956.0)"
"('ProNE_Emb_44', 893.0)","('file_id_tid_emb_11', 1013.0)","('ProNE_Emb_54', 932.0)","('file_id_tid_emb_62', 1033.0)","('file_id_api_emb_32', 952.0)"
"('file_id_tid_emb_55', 889.0)","('file_id_api_emb_7', 1008.0)","('file_id_tid_emb_56', 931.0)","('ProNE_Emb_4', 1032.0)","('ProNE_Emb_51', 950.0)"
"('std_api_counts', 883.0)","('file_id_tid_emb_20', 1007.0)","('file_id_tid_emb_57', 926.0)","('file_id_tid_emb_46', 1030.0)","('file_id_api_emb_29', 947.0)"
"('file_id_tid_emb_35', 883.0)","('ProNE_Emb_51', 1007.0)","('ntcreatekey', 926.0)","('file_id_tid_emb_14', 1028.0)","('file_id_tid_emb_38', 945.0)"
"('file_id_api_emb_13', 882.0)","('file_id_tid_emb_19', 1001.0)","('file_id_tid_emb_41', 924.0)","('file_id_api_emb_30', 1026.0)","('file_id_tid_emb_62', 944.0)"
"('api_unique', 880.0)","('file_id_api_emb_4', 1000.0)","('ProNE_Emb_60', 923.0)","('ntallocatevirtualmemory', 1019.0)","('file_id_tid_emb_63', 942.0)"
"('ProNE_Emb_30', 879.0)","('ProNE_Emb_16', 998.0)","('ProNE_Emb_58', 921.0)","('file_id_tid_emb_36', 1017.0)","('file_id_api_emb_6', 940.0)"
"('file_id_tid_emb_8', 878.0)","('file_id_tid_emb_51', 993.0)","('file_id_api_emb_0', 915.0)","('file_id_tid_emb_44', 1015.0)","('file_id_tid_emb_20', 939.0)"
"('ProNE_Emb_49', 875.0)","('file_id_tid_emb_48', 988.0)","('file_id_tid_emb_43', 913.0)","('ProNE_Emb_46', 1011.0)","('getsystemdirectoryw', 939.0)"
"('ProNE_Emb_45', 874.0)","('file_id_tid_emb_33', 986.0)","('file_id_tid_emb_3', 909.0)","('file_id_tid_emb_27', 1008.0)","('file_id_tid_emb_21', 938.0)"
"('file_id_tid_emb_51', 873.0)","('registerhotkey', 983.0)","('file_id_tid_emb_37', 909.0)","('ProNE_Emb_44', 1003.0)","('registerhotkey', 937.0)"
"('file_id_api_emb_60', 871.0)","('ProNE_Emb_2', 982.0)","('ntallocatevirtualmemory', 909.0)","('ProNE_Emb_30', 999.0)","('file_id_tid_emb_31', 934.0)"
"('tid_counts_ptp', 870.0)","('min_tid_counts', 981.0)","('ProNE_Emb_44', 905.0)","('ProNE_Emb_61', 999.0)","('file_id_tid_emb_35', 934.0)"
"('file_id_tid_emb_7', 870.0)","('file_id_api_emb_51', 981.0)","('file_id_tid_emb_14', 898.0)","('file_id_api_emb_46', 998.0)","('ProNE_Emb_46', 934.0)"
"('tid_ptp', 868.0)","('file_id_tid_emb_54', 980.0)","('file_id_tid_emb_29', 898.0)","('getsystemmetrics', 998.0)","('ProNE_Emb_48', 934.0)"
"('file_id_tid_emb_50', 867.0)","('file_id_api_emb_30', 979.0)","('file_id_api_emb_31', 897.0)","('file_id_tid_emb_37', 992.0)","('file_id_tid_emb_25', 928.0)"
"('ProNE_Emb_18', 867.0)","('file_id_tid_emb_29', 975.0)","('file_id_tid_emb_27', 897.0)","('file_id_tid_emb_31', 989.0)","('ntallocatevirtualmemory', 923.0)"
"('file_id_tid_emb_62', 863.0)","('file_id_api_emb_3', 973.0)","('file_id_tid_emb_38', 897.0)","('ProNE_Emb_62', 989.0)","('file_id_tid_emb_41', 922.0)"
"('file_id_api_emb_56', 862.0)","('getsystemmetrics', 965.0)","('file_id_tid_emb_40', 897.0)","('file_id_tid_emb_38', 988.0)","('file_id_api_emb_45', 919.0)"
"('ProNE_Emb_42', 861.0)","('ProNE_Emb_41', 963.0)","('file_id_tid_emb_52', 895.0)","('file_id_tid_emb_9', 987.0)","('file_id_tid_emb_54', 916.0)"
"('file_id_tid_emb_28', 859.0)","('file_id_tid_emb_57', 953.0)","('ProNE_Emb_61', 894.0)","('ProNE_Emb_51', 987.0)","('min_tid_counts', 915.0)"
"('file_id_tid_emb_56', 858.0)","('file_id_api_emb_52', 952.0)","('file_id_api_emb_4', 893.0)","('file_id_api_emb_58', 985.0)","('file_id_tid_emb_51', 914.0)"
"('label', 856.0)","('file_id_tid_emb_44', 952.0)","('file_id_api_emb_63', 892.0)","('file_id_tid_emb_24', 984.0)","('file_id_tid_emb_27', 913.0)"
"('file_id_api_emb_41', 856.0)","('ProNE_Emb_37', 948.0)","('min_tid_counts', 889.0)","('file_id_api_emb_31', 982.0)","('file_id_tid_emb_26', 912.0)"
"('ProNE_Emb_40', 854.0)","('min_tid', 947.0)","('file_id_api_emb_29', 885.0)","('file_id_api_emb_22', 977.0)","('file_id_api_emb_0', 910.0)"
"('ProNE_Emb_48', 847.0)","('file_id_api_emb_46', 946.0)","('ProNE_Emb_26', 885.0)","('file_id_api_emb_45', 977.0)","('file_id_api_emb_3', 908.0)"
"('file_id_api_emb_44', 845.0)","('ProNE_Emb_62', 943.0)","('file_id_api_emb_10', 879.0)","('file_id_tid_emb_0', 976.0)","('ProNE_Emb_49', 903.0)"
"('file_id_api_emb_45', 841.0)","('api_unique', 941.0)","('ProNE_Emb_8', 878.0)","('min_tid_counts', 971.0)","('ProNE_Emb_22', 899.0)"
"('ProNE_Emb_7', 841.0)","('file_id_tid_emb_2', 940.0)","('file_id_tid_emb_11', 862.0)","('std_tid', 970.0)","('file_id_api_emb_46', 897.0)"
"('ProNE_Emb_8', 838.0)","('file_id_tid_emb_41', 939.0)","('file_id_tid_emb_23', 862.0)","('ProNE_Emb_37', 967.0)","('ntcreatekey', 895.0)"
"('file_id_api_emb_22', 835.0)","('file_id_tid_emb_55', 937.0)","('ProNE_Emb_29', 861.0)","('ProNE_Emb_60', 966.0)","('file_id_api_emb_4', 883.0)"
"('file_id_tid_emb_5', 834.0)","('file_id_api_emb_29', 936.0)","('ProNE_Emb_42', 861.0)","('ProNE_Emb_42', 965.0)","('file_id_tid_emb_29', 883.0)"
"('ProNE_Emb_46', 832.0)","('file_id_api_emb_56', 932.0)","('ProNE_Emb_53', 861.0)","('ProNE_Emb_29', 964.0)","('file_id_tid_emb_37', 883.0)"
"('file_id_tid_emb_26', 830.0)","('file_id_tid_emb_22', 929.0)","('tid_ptp', 848.0)","('file_id_tid_emb_56', 963.0)","('ProNE_Emb_41', 882.0)"
"('getsystemdirectoryw', 827.0)","('file_id_api_emb_32', 921.0)","('ProNE_Emb_30', 848.0)","('file_id_api_emb_17', 961.0)","('file_id_api_emb_60', 881.0)"
"('file_id_tid_emb_46', 823.0)","('ProNE_Emb_53', 915.0)","('ProNE_Emb_37', 848.0)","('file_id_tid_emb_3', 960.0)","('httpsendrequestw', 876.0)"
"('ProNE_Emb_53', 820.0)","('file_id_tid_emb_38', 908.0)","('file_id_api_emb_38', 846.0)","('std_tid_counts', 951.0)","('file_id_api_emb_24', 875.0)"
"('file_id_tid_emb_18', 819.0)","('file_id_api_emb_0', 907.0)","('ProNE_Emb_48', 845.0)","('file_id_api_emb_7', 946.0)","('file_id_tid_emb_18', 872.0)"
"('file_id_tid_emb_48', 819.0)","('file_id_api_emb_17', 900.0)","('file_id_tid_emb_18', 844.0)","('file_id_api_emb_57', 946.0)","('file_id_tid_emb_43', 872.0)"
"('file_id_api_emb_24', 816.0)","('ProNE_Emb_61', 898.0)","('mean_api_counts', 842.0)","('file_id_api_emb_29', 939.0)","('file_id_tid_emb_9', 871.0)"
"('file_id_tid_emb_52', 815.0)","('mean_tid', 892.0)","('file_id_api_emb_56', 842.0)","('file_id_api_emb_60', 936.0)","('ProNE_Emb_60', 870.0)"
"('file_id_tid_emb_22', 814.0)","('file_id_api_emb_10', 891.0)","('setendoffile', 838.0)","('min_tid', 932.0)","('ProNE_Emb_7', 869.0)"
"('file_id_api_emb_30', 809.0)","('file_id_api_emb_24', 890.0)","('tid_counts_ptp', 827.0)","('file_id_api_emb_38', 924.0)","('file_id_api_emb_56', 868.0)"
"('file_id_tid_emb_11', 807.0)","('ProNE_Emb_22', 888.0)","('label', 826.0)","('file_id_api_emb_51', 924.0)","('file_id_api_emb_52', 864.0)"
"('file_id_tid_emb_57', 806.0)","('ProNE_Emb_46', 880.0)","('ProNE_Emb_25', 826.0)","('file_id_tid_emb_20', 923.0)","('file_id_tid_emb_11', 855.0)"
"('file_id_tid_emb_58', 802.0)","('file_id_api_emb_45', 877.0)","('file_id_tid_emb_53', 821.0)","('file_id_api_emb_10', 919.0)","('ProNE_Emb_5', 855.0)"
"('file_id_tid_emb_9', 796.0)","('file_id_api_emb_18', 870.0)","('ProNE_Emb_46', 818.0)","('file_id_api_emb_3', 917.0)","('netusergetlocalgroups', 853.0)"
"('netusergetlocalgroups', 796.0)","('file_id_api_emb_26', 870.0)","('file_id_api_emb_16', 816.0)","('file_id_api_emb_0', 908.0)","('ProNE_Emb_53', 850.0)"
"('ProNE_Emb_61', 796.0)","('file_id_api_emb_44', 867.0)","('file_id_api_emb_6', 815.0)","('ntenumeratevaluekey', 906.0)","('file_id_tid_emb_55', 849.0)"
"('file_id_api_emb_59', 794.0)","('std_tid', 859.0)","('file_id_api_emb_21', 809.0)","('setendoffile', 902.0)","('ProNE_Emb_8', 843.0)"
"('writeconsolea', 793.0)","('file_id_api_emb_8', 856.0)","('ProNE_Emb_51', 807.0)","('file_id_api_emb_8', 901.0)","('file_id_api_emb_17', 842.0)"
"('httpsendrequestw', 790.0)","('ProNE_Emb_7', 856.0)","('file_id_api_emb_45', 801.0)","('file_id_tid_emb_11', 896.0)","('file_id_tid_emb_5', 842.0)"
"('setendoffile', 789.0)","('max_api_counts', 852.0)","('file_id_tid_emb_44', 794.0)","('file_id_tid_emb_55', 896.0)","('getfileattributesexw', 840.0)"
"('file_id_api_emb_4', 783.0)","('file_id_api_emb_13', 850.0)","('ProNE_Emb_40', 794.0)","('tid_counts_ptp', 891.0)","('ProNE_Emb_42', 835.0)"
"('file_id_api_emb_33', 783.0)","('file_id_tid_emb_56', 849.0)","('file_id_api_emb_3', 792.0)","('ProNE_Emb_22', 884.0)","('ProNE_Emb_61', 835.0)"
"('ProNE_Emb_14', 783.0)","('file_id_tid_emb_43', 845.0)","('file_id_tid_emb_54', 792.0)","('file_id_api_emb_21', 883.0)","('file_id_api_emb_18', 830.0)"
"('file_id_tid_emb_41', 778.0)","('file_id_tid_emb_18', 843.0)","('ldrloaddll', 791.0)","('ProNE_Emb_8', 879.0)","('file_id_api_emb_51', 828.0)"
"('createremotethread', 776.0)","('file_id_tid_emb_42', 839.0)","('file_id_api_emb_59', 790.0)","('ProNE_Emb_14', 879.0)","('file_id_api_emb_55', 820.0)"
"('ProNE_Emb_27', 774.0)","('file_id_api_emb_59', 838.0)","('file_id_api_emb_13', 786.0)","('file_id_api_emb_16', 876.0)","('ProNE_Emb_25', 820.0)"
"('file_id_api_emb_29', 773.0)","('tid_ptp', 837.0)","('setsockopt', 784.0)","('netusergetlocalgroups', 873.0)","('ProNE_Emb_14', 819.0)"
"('file_id_api_emb_55', 773.0)","('file_id_api_emb_53', 835.0)","('file_id_tid_emb_55', 782.0)","('file_id_api_emb_4', 871.0)","('file_id_api_emb_44', 816.0)"
"('max_api_counts', 772.0)","('file_id_tid_emb_9', 835.0)","('file_id_api_emb_18', 778.0)","('getfileattributesexw', 870.0)","('file_id_tid_emb_3', 811.0)"
"('file_id_api_emb_51', 772.0)","('file_id_api_emb_22', 833.0)","('file_id_api_emb_39', 774.0)","('file_id_api_emb_44', 865.0)","('file_id_api_emb_26', 810.0)"
"('file_id_tid_emb_63', 770.0)","('file_id_api_emb_41', 829.0)","('file_id_api_emb_26', 770.0)","('setsockopt', 863.0)","('file_id_tid_emb_44', 807.0)"
"('file_id_api_emb_7', 767.0)","('createjobobjectw', 827.0)","('file_id_api_emb_51', 770.0)","('ProNE_Emb_27', 861.0)","('file_id_api_emb_41', 805.0)"
"('mean_tid', 766.0)","('ntallocatevirtualmemory', 823.0)","('file_id_api_emb_22', 766.0)","('label', 855.0)","('file_id_api_emb_31', 801.0)"
"('wsastartup', 766.0)","('mean_api_counts', 822.0)","('file_id_api_emb_36', 763.0)","('wsasocketw', 855.0)","('ldrloaddll', 799.0)"
"('file_id_api_emb_2', 765.0)","('file_id_api_emb_31', 822.0)","('ProNE_Emb_0', 758.0)","('file_id_api_emb_59', 853.0)","('file_id_api_emb_8', 788.0)"
"('createjobobjectw', 762.0)","('file_id_tid_emb_36', 820.0)","('file_id_api_emb_44', 754.0)","('ProNE_Emb_5', 842.0)","('file_id_api_emb_59', 787.0)"
"('mean_api_counts', 761.0)","('ProNE_Emb_40', 815.0)","('ProNE_Emb_6', 753.0)","('writeconsolea', 838.0)","('file_id_api_emb_30', 786.0)"
"('file_id_api_emb_18', 761.0)","('ntenumeratevaluekey', 813.0)","('writeconsolea', 751.0)","('file_id_tid_emb_48', 835.0)","('file_id_api_emb_9', 785.0)"
"('file_id_api_emb_10', 759.0)","('ProNE_Emb_49', 813.0)","('ProNE_Emb_7', 746.0)","('file_id_api_emb_13', 834.0)","('mean_tid', 784.0)"
"('file_id_tid_emb_43', 751.0)","('file_id_api_emb_1', 812.0)","('mean_tid', 744.0)","('tid_ptp', 833.0)","('file_id_api_emb_10', 784.0)"
"('file_id_api_emb_36', 740.0)","('file_id_api_emb_35', 811.0)","('file_id_api_emb_7', 744.0)","('file_id_api_emb_33', 833.0)","('file_id_api_emb_38', 777.0)"
"('file_id_tid_emb_29', 739.0)","('httpsendrequestw', 811.0)","('file_id_api_emb_17', 744.0)","('ProNE_Emb_40', 824.0)","('tid_ptp', 770.0)"
"('getfileattributesexw', 739.0)","('file_id_tid_emb_3', 808.0)","('file_id_tid_emb_63', 744.0)","('createremotethread', 823.0)","('file_id_api_emb_12', 766.0)"
"('iwbemservices_execquery', 734.0)","('file_id_api_emb_21', 802.0)","('max_api_counts', 743.0)","('file_id_api_emb_52', 820.0)","('ProNE_Emb_27', 765.0)"
"('setsockopt', 730.0)","('file_id_api_emb_2', 793.0)","('wsasocketw', 742.0)","('file_id_api_emb_40', 816.0)","('setsockopt', 762.0)"
"('file_id_api_emb_27', 728.0)","('tid_counts_ptp', 788.0)","('ProNE_Emb_16', 741.0)","('ntcreatekey', 816.0)","('mean_api_counts', 752.0)"
"('file_id_api_emb_26', 723.0)","('ProNE_Emb_0', 785.0)","('ProNE_Emb_49', 739.0)","('file_id_api_emb_41', 815.0)","('file_id_api_emb_54', 748.0)"
"('file_id_api_emb_54', 723.0)","('file_id_api_emb_39', 780.0)","('file_id_api_emb_9', 737.0)","('mean_api_counts', 813.0)","('getfilesizeex', 748.0)"
"('ProNE_Emb_5', 722.0)","('file_id_api_emb_19', 778.0)","('ProNE_Emb_41', 729.0)","('ProNE_Emb_7', 812.0)","('ProNE_Emb_29', 747.0)"
"('file_id_api_emb_12', 717.0)","('ProNE_Emb_5', 773.0)","('file_id_tid_emb_9', 726.0)","('file_id_api_emb_26', 806.0)","('max_api_counts', 740.0)"
"('file_id_api_emb_9', 716.0)","('ProNE_Emb_26', 767.0)","('file_id_api_emb_47', 722.0)","('file_id_tid_emb_63', 804.0)","('file_id_api_emb_16', 736.0)"
"('file_id_api_emb_38', 702.0)","('file_id_api_emb_12', 766.0)","('file_id_api_emb_2', 719.0)","('ProNE_Emb_53', 800.0)","('file_id_api_emb_35', 727.0)"
"('file_id_api_emb_31', 701.0)","('ProNE_Emb_27', 766.0)","('std_tid', 717.0)","('file_id_api_emb_9', 797.0)","('createjobobjectw', 726.0)"
"('file_id_api_emb_53', 700.0)","('label', 762.0)","('file_id_api_emb_54', 716.0)","('file_id_api_emb_56', 797.0)","('file_id_api_emb_2', 724.0)"
"('file_id_tid_emb_27', 699.0)","('getfileattributesexw', 758.0)","('file_id_api_emb_50', 709.0)","('createjobobjectw', 791.0)","('file_id_api_emb_22', 724.0)"
"('ProNE_Emb_22', 697.0)","('ProNE_Emb_8', 749.0)","('iwbemservices_execquery', 709.0)","('getsystemwindowsdirectorya', 787.0)","('ntcreatemutant', 724.0)"
"('file_id_api_emb_57', 696.0)","('file_id_api_emb_38', 748.0)","('file_id_api_emb_41', 702.0)","('ProNE_Emb_25', 787.0)","('regopenkeyexa', 724.0)"
"('file_id_tid_emb_3', 687.0)","('getsystemwindowsdirectorya', 747.0)","('getfilesizeex', 701.0)","('file_id_api_emb_12', 784.0)","('file_id_api_emb_13', 721.0)"
"('file_id_tid_emb_36', 686.0)","('setsockopt', 747.0)","('ProNE_Emb_22', 701.0)","('ntcreatemutant', 784.0)","('ntenumeratevaluekey', 717.0)"
"('getsystemwindowsdirectorya', 686.0)","('file_id_api_emb_36', 742.0)","('file_id_api_emb_33', 690.0)","('file_id_api_emb_39', 776.0)","('tid_counts_ptp', 713.0)"
"('file_id_api_emb_40', 680.0)","('ProNE_Emb_6', 742.0)","('ProNE_Emb_5', 684.0)","('file_id_api_emb_1', 770.0)","('label', 706.0)"
"('file_id_tid_emb_38', 680.0)","('ntopenthread', 737.0)","('getfileattributesexw', 683.0)","('getkeystate', 765.0)","('file_id_api_emb_39', 702.0)"
"('ProNE_Emb_29', 677.0)","('std_tid_counts', 731.0)","('ntenumeratevaluekey', 680.0)","('file_id_api_emb_35', 761.0)","('file_id_api_emb_57', 699.0)"
"('file_id_api_emb_48', 672.0)","('file_id_api_emb_16', 731.0)","('file_id_api_emb_27', 676.0)","('iwbemservices_execquery', 759.0)","('file_id_api_emb_27', 694.0)"
"('rtlremovevectoredexceptionhandler', 672.0)","('writeconsolea', 731.0)","('file_id_tid_emb_36', 675.0)","('ldrloaddll', 752.0)","('ntreadvirtualmemory', 690.0)"
"('file_id_api_emb_39', 671.0)","('ntcreatemutant', 729.0)","('createjobobjectw', 671.0)","('file_id_api_emb_54', 751.0)","('wsasocketw', 690.0)"
"('file_id_api_emb_50', 671.0)","('file_id_api_emb_54', 723.0)","('file_id_api_emb_35', 667.0)","('file_id_api_emb_27', 750.0)","('file_id_api_emb_50', 689.0)"
"('std_tid_counts', 665.0)","('file_id_api_emb_33', 719.0)","('file_id_api_emb_48', 664.0)","('mean_tid', 745.0)","('file_id_tid_emb_42', 684.0)"
"('std_tid', 658.0)","('file_id_api_emb_40', 716.0)","('std_tid_counts', 661.0)","('file_id_api_emb_28', 744.0)","('getsystemwindowsdirectorya', 684.0)"
"('ntquerysysteminformation', 657.0)","('ldrloaddll', 715.0)","('file_id_tid_emb_42', 658.0)","('file_id_tid_emb_42', 744.0)","('file_id_api_emb_33', 675.0)"
"('ProNE_Emb_0', 656.0)","('file_id_api_emb_57', 708.0)","('file_id_api_emb_55', 657.0)","('httpsendrequestw', 738.0)","('file_id_tid_emb_36', 674.0)"
"('file_id_api_emb_43', 654.0)","('getfilesizeex', 704.0)","('ntcreatemutant', 656.0)","('max_api_counts', 735.0)","('ntopensection', 673.0)"
"('file_id_tid_emb_42', 650.0)","('regqueryinfokeyw', 701.0)","('file_id_api_emb_1', 652.0)","('file_id_api_emb_55', 730.0)","('createremotethread', 670.0)"
"('wsasocketw', 650.0)","('wsasocketw', 695.0)","('httpsendrequestw', 648.0)","('file_id_api_emb_2', 729.0)","('ntopenfile', 670.0)"
"('file_id_api_emb_17', 648.0)","('file_id_api_emb_55', 686.0)","('ProNE_Emb_10', 645.0)","('ntopenthread', 722.0)","('file_id_api_emb_53', 668.0)"
"('ntopensection', 647.0)","('file_id_api_emb_50', 685.0)","('file_id_api_emb_40', 643.0)","('file_id_api_emb_61', 720.0)","('file_id_api_emb_61', 665.0)"
"('ntcreatemutant', 643.0)","('ProNE_Emb_25', 685.0)","('ntopensection', 641.0)","('setfileinformationbyhandle', 720.0)","('file_id_api_emb_1', 662.0)"
"('file_id_api_emb_1', 642.0)","('file_id_api_emb_61', 674.0)","('ntprotectvirtualmemory', 635.0)","('file_id_api_emb_18', 717.0)","('file_id_api_emb_62', 660.0)"
"('file_id_api_emb_14', 641.0)","('file_id_api_emb_9', 673.0)","('regopenkeyexa', 630.0)","('file_id_api_emb_53', 715.0)","('writeconsolea', 650.0)"
"('file_id_api_emb_16', 635.0)","('file_id_api_emb_47', 673.0)","('file_id_api_emb_53', 628.0)","('getfilesizeex', 714.0)","('file_id_api_emb_48', 649.0)"
"('ProNE_Emb_25', 634.0)","('file_id_api_emb_49', 672.0)","('file_id_api_emb_12', 626.0)","('file_id_api_emb_50', 713.0)","('file_id_api_emb_47', 645.0)"
"('ntopendirectoryobject', 633.0)","('file_id_api_emb_48', 655.0)","('getsystemwindowsdirectorya', 626.0)","('file_id_api_emb_62', 707.0)","('drawtextexa', 645.0)"
"('file_id_api_emb_47', 630.0)","('file_id_api_emb_20', 652.0)","('recvfrom', 623.0)","('wsastartup', 707.0)","('file_id_api_emb_40', 644.0)"
"('recvfrom', 630.0)","('file_id_api_emb_23', 644.0)","('setunhandledexceptionfilter', 623.0)","('ProNE_Emb_0', 706.0)","('ProNE_Emb_10', 640.0)"
"('file_id_api_emb_19', 629.0)","('file_id_api_emb_27', 641.0)","('file_id_api_emb_61', 619.0)","('file_id_api_emb_34', 704.0)","('regqueryinfokeyw', 632.0)"
"('file_id_api_emb_49', 629.0)","('ntopendirectoryobject', 633.0)","('ProNE_Emb_27', 619.0)","('ProNE_Emb_6', 692.0)","('file_id_api_emb_49', 626.0)"
"('file_id_api_emb_35', 623.0)","('file_id_api_emb_11', 632.0)","('ntreadvirtualmemory', 617.0)","('file_id_api_emb_48', 686.0)","('ProNE_Emb_6', 623.0)"
"('ldrloaddll', 621.0)","('ntopensection', 632.0)","('file_id_api_emb_34', 607.0)","('file_id_api_emb_47', 679.0)","('wsastartup', 622.0)"
"('file_id_api_emb_62', 614.0)","('file_id_api_emb_25', 630.0)","('file_id_api_emb_14', 604.0)","('ntprotectvirtualmemory', 674.0)","('ProNE_Emb_0', 622.0)"
"('setunhandledexceptionfilter', 608.0)","('iwbemservices_execquery', 628.0)","('createremotethread', 602.0)","('ntopendirectoryobject', 673.0)","('file_id_api_emb_36', 621.0)"
"('ProNE_Emb_10', 608.0)","('file_id_api_emb_43', 624.0)","('wsastartup', 601.0)","('ntreadvirtualmemory', 673.0)","('file_id_api_emb_34', 616.0)"
"('ntprotectvirtualmemory', 604.0)","('file_id_api_emb_28', 623.0)","('file_id_api_emb_28', 596.0)","('recvfrom', 673.0)","('ntopendirectoryobject', 615.0)"
"('ntenumeratevaluekey', 601.0)","('findfirstfileexa', 623.0)","('file_id_api_emb_49', 594.0)","('file_id_api_emb_11', 671.0)","('iwbemservices_execquery', 612.0)"
"('regopenkeyexa', 590.0)","('ProNE_Emb_10', 620.0)","('file_id_api_emb_5', 593.0)","('file_id_api_emb_20', 671.0)","('ntopenkeyex', 612.0)"
"('ntopenfile', 589.0)","('mean_tid_counts', 613.0)","('getkeystate', 592.0)","('file_id_api_emb_36', 670.0)","('file_id_api_emb_20', 604.0)"
"('file_id_api_emb_5', 588.0)","('file_id_api_emb_34', 613.0)","('file_id_api_emb_19', 587.0)","('file_id_api_emb_19', 662.0)","('file_id_api_emb_43', 595.0)"
"('ntopenkeyex', 588.0)","('file_id_api_emb_37', 609.0)","('file_id_api_emb_62', 585.0)","('ntopensection', 642.0)","('std_tid_counts', 592.0)"
"('ProNE_Emb_6', 579.0)","('file_id_api_emb_14', 604.0)","('file_id_api_emb_57', 584.0)","('createthread', 636.0)","('file_id_api_emb_11', 592.0)"
"('couninitialize', 575.0)","('file_id_tid_emb_63', 604.0)","('getsockname', 582.0)","('findfirstfileexa', 631.0)","('setunhandledexceptionfilter', 592.0)"
"('regqueryinfokeyw', 572.0)","('recvfrom', 599.0)","('setfileinformationbyhandle', 578.0)","('setunhandledexceptionfilter', 629.0)","('file_id_api_emb_14', 588.0)"
"('file_id_api_emb_34', 571.0)","('ntprotectvirtualmemory', 597.0)","('file_id_api_emb_43', 577.0)","('file_id_api_emb_14', 627.0)","('file_id_api_emb_28', 585.0)"
"('file_id_api_emb_20', 561.0)","('ntloadkey', 596.0)","('ntopenfile', 577.0)","('file_id_api_emb_25', 626.0)","('recvfrom', 582.0)"
"('file_id_api_emb_61', 561.0)","('file_id_api_emb_62', 593.0)","('ntopenthread', 576.0)","('regqueryinfokeyw', 626.0)","('file_id_api_emb_23', 571.0)"
"('createthread', 561.0)","('setunhandledexceptionfilter', 592.0)","('findfirstfileexa', 574.0)","('ntopenfile', 625.0)","('ntquerysysteminformation', 569.0)"
"('file_id_api_emb_23', 560.0)","('ntopenfile', 588.0)","('createservicew', 571.0)","('ProNE_Emb_10', 622.0)","('file_id_api_emb_5', 568.0)"
"('file_id_api_emb_37', 548.0)","('setfileinformationbyhandle', 585.0)","('file_id_api_emb_11', 565.0)","('ntopenkeyex', 613.0)","('file_id_api_emb_19', 566.0)"
"('findfirstfileexa', 543.0)","('oleinitialize', 575.0)","('couninitialize', 560.0)","('file_id_api_emb_5', 612.0)","('gettemppathw', 565.0)"
"('ntdeviceiocontrolfile', 537.0)","('getkeystate', 573.0)","('regqueryinfokeyw', 555.0)","('file_id_api_emb_23', 612.0)","('ntloadkey', 561.0)"
"('getfilesizeex', 535.0)","('file_id_api_emb_5', 566.0)","('file_id_api_emb_20', 546.0)","('gettemppathw', 604.0)","('ntopenthread', 552.0)"
"('ntopenthread', 529.0)","('createremotethread', 557.0)","('file_id_api_emb_25', 542.0)","('ntquerysysteminformation', 574.0)","('file_id_api_emb_37', 551.0)"
"('ntqueueapcthread', 527.0)","('gettemppathw', 557.0)","('ntdeviceiocontrolfile', 541.0)","('regopenkeyexa', 559.0)","('findfirstfileexa', 550.0)"
"('file_id_api_emb_28', 518.0)","('regopenkeyexa', 554.0)","('createthread', 535.0)","('ntloadkey', 546.0)","('getfileinformationbyhandleex', 544.0)"
"('drawtextexa', 512.0)","('couninitialize', 546.0)","('file_id_api_emb_37', 524.0)","('createservicew', 545.0)","('ntprotectvirtualmemory', 543.0)"
"('setfileinformationbyhandle', 511.0)","('findwindoww', 546.0)","('ntopendirectoryobject', 521.0)","('getfileinformationbyhandleex', 544.0)","('ntdeviceiocontrolfile', 535.0)"
"('gettemppathw', 510.0)","('regenumkeyexa', 539.0)","('ntsuspendthread', 516.0)","('file_id_api_emb_43', 543.0)","('createservicew', 525.0)"
"('getfileinformationbyhandleex', 507.0)","('system', 539.0)","('getsystemwindowsdirectoryw', 507.0)","('mean_tid_counts', 538.0)","('getkeystate', 518.0)"
"('ntloadkey', 503.0)","('getnativesysteminfo', 529.0)","('ntqueueapcthread', 495.0)","('ntcreatesection', 529.0)","('system', 517.0)"
"('createservicew', 500.0)","('wsastartup', 529.0)","('regsetvalueexa', 494.0)","('ProNE_Emb_9', 526.0)","('file_id_api_emb_25', 513.0)"
"('file_id_api_emb_25', 495.0)","('ntsuspendthread', 528.0)","('mean_tid_counts', 483.0)","('file_id_api_emb_49', 524.0)","('ntcreatesection', 511.0)"
"('findwindoww', 492.0)","('listen', 522.0)","('closesocket', 480.0)","('ntdeviceiocontrolfile', 521.0)","('couninitialize', 510.0)"
"('oleinitialize', 492.0)","('ntqueueapcthread', 516.0)","('listen', 478.0)","('regenumkeyexa', 520.0)","('ntsuspendthread', 507.0)"
"('ProNE_Emb_9', 489.0)","('ntreadvirtualmemory', 513.0)","('getfileinformationbyhandleex', 474.0)","('ntsuspendthread', 518.0)","('setfileinformationbyhandle', 507.0)"
"('mean_tid_counts', 484.0)","('ntdeviceiocontrolfile', 505.0)","('ntquerysysteminformation', 470.0)","('file_id_api_emb_37', 496.0)","('loadresource', 504.0)"
"('ntreadvirtualmemory', 481.0)","('createservicew', 503.0)","('ntopenkeyex', 465.0)","('ntqueueapcthread', 490.0)","('getsystemwindowsdirectoryw', 503.0)"
"('file_id_api_emb_11', 478.0)","('closesocket', 501.0)","('oleinitialize', 464.0)","('getsystemwindowsdirectoryw', 485.0)","('mean_tid_counts', 497.0)"
"('getsystemwindowsdirectoryw', 467.0)","('loadstringa', 498.0)","('shellexecuteexw', 464.0)","('cogetclassobject', 481.0)","('getnativesysteminfo', 485.0)"
"('regenumkeyexa', 465.0)","('ntquerysysteminformation', 498.0)","('ntterminatethread', 462.0)","('couninitialize', 477.0)","('listen', 472.0)"
"('ntcreatesection', 457.0)","('ntopenkeyex', 457.0)","('file_id_api_emb_23', 461.0)","('rtlremovevectoredexceptionhandler', 469.0)","('lookupaccountsidw', 461.0)"
"('ntsuspendthread', 452.0)","('ntterminatethread', 455.0)","('findwindoww', 460.0)","('cryptunprotectmemory', 467.0)","('createthread', 454.0)"
"('listen', 451.0)","('drawtextexa', 449.0)","('gettemppathw', 457.0)","('listen', 467.0)","('ProNE_Emb_9', 450.0)"
"('getnativesysteminfo', 435.0)","('getsockname', 449.0)","('ntloadkey', 455.0)","('getnativesysteminfo', 464.0)","('ntqueueapcthread', 432.0)"
"('getkeystate', 430.0)","('lookupaccountsidw', 448.0)","('rtlremovevectoredexceptionhandler', 450.0)","('closesocket', 459.0)","('shellexecuteexw', 432.0)"
"('shellexecuteexw', 423.0)","('loadresource', 444.0)","('drawtextexa', 432.0)","('findresourceexa', 459.0)","('ntterminatethread', 431.0)"
"('getsockname', 421.0)","('getsystemwindowsdirectoryw', 443.0)","('loadresource', 430.0)","('shellexecuteexw', 457.0)","('urldownloadtofilew', 431.0)"
"('findresourceexw', 417.0)","('cogetclassobject', 425.0)","('lookupaccountsidw', 430.0)","('oleinitialize', 451.0)","('openservicew', 413.0)"
"('loadresource', 412.0)","('shellexecuteexw', 424.0)","('ntcreatesection', 425.0)","('drawtextexa', 443.0)","('loadstringa', 412.0)"
"('system', 412.0)","('getsystemdirectorya', 422.0)","('openservicew', 424.0)","('loadresource', 441.0)","('cogetclassobject', 409.0)"
"('loadstringa', 405.0)","('ProNE_Emb_9', 421.0)","('ProNE_Emb_9', 416.0)","('ntterminatethread', 429.0)","('seterrormode', 400.0)"
"('regqueryvalueexa', 404.0)","('api_count', 412.0)","('getnativesysteminfo', 415.0)","('getsystemdirectorya', 413.0)","('rtlremovevectoredexceptionhandler', 397.0)"
"('removedirectoryw', 402.0)","('median_api_counts', 411.0)","('regqueryvalueexa', 414.0)","('findwindowexw', 412.0)","('closesocket', 396.0)"
"('ntqueryfullattributesfile', 390.0)","('ntqueryfullattributesfile', 409.0)","('api_counts_ptp', 413.0)","('openservicew', 410.0)","('obtainuseragentstring', 396.0)"
"('openservicew', 386.0)","('openservicew', 405.0)","('regenumkeyexa', 402.0)","('api_count', 409.0)","('oleinitialize', 390.0)"
"('seterrormode', 383.0)","('regsetvalueexa', 405.0)","('getsystemdirectorya', 398.0)","('regsetvalueexa', 403.0)","('regqueryvalueexa', 390.0)"
"('lookupaccountsidw', 380.0)","('findresourceexw', 396.0)","('ntqueryfullattributesfile', 387.0)","('ntqueryattributesfile', 397.0)","('cryptunprotectmemory', 383.0)"
"('api_counts_ptp', 375.0)","('regqueryvalueexa', 392.0)","('api_count', 380.0)","('ntqueryfullattributesfile', 395.0)","('ntqueryattributesfile', 376.0)"
"('getsystemdirectorya', 368.0)","('getfileinformationbyhandleex', 389.0)","('findfirstfileexw', 379.0)","('findresourceexw', 394.0)","('api_count', 365.0)"
"('api_count', 366.0)","('ntcreatesection', 384.0)","('loadstringa', 377.0)","('regqueryvalueexa', 393.0)","('setinformationjobobject', 363.0)"
"('cryptunprotectmemory', 364.0)","('ntqueryattributesfile', 378.0)","('removedirectoryw', 373.0)","('system', 390.0)","('findresourceexa', 361.0)"
"('closesocket', 362.0)","('findresourceexa', 371.0)","('ntquerymultiplevaluekey', 371.0)","('getsockname', 384.0)","('findwindoww', 360.0)"
"('cogetclassobject', 343.0)","('rtlremovevectoredexceptionhandler', 368.0)","('regclosekey', 370.0)","('seterrormode', 379.0)","('regenumkeyexa', 356.0)"
"('setinformationjobobject', 343.0)","('ntquerymultiplevaluekey', 362.0)","('ntqueryattributesfile', 365.0)","('lookupaccountsidw', 378.0)","('findresourceexw', 354.0)"
"('findfirstfileexw', 339.0)","('regcreatekeyexa', 351.0)","('findwindowexw', 357.0)","('sendnotifymessagea', 369.0)","('findwindowexw', 354.0)"
"('ntqueryattributesfile', 338.0)","('createthread', 350.0)","('cogetclassobject', 345.0)","('api_counts_ptp', 356.0)","('ntquerymultiplevaluekey', 349.0)"
"('ntterminatethread', 327.0)","('getfilesize', 349.0)","('shutdown', 338.0)","('findwindoww', 347.0)","('getsockname', 346.0)"
"('findresourceexa', 325.0)","('obtainuseragentstring', 344.0)","('seterrormode', 336.0)","('ntquerymultiplevaluekey', 342.0)","('api_counts_ptp', 344.0)"
"('setfilepointerex', 325.0)","('api_counts_ptp', 341.0)","('findresourceexw', 333.0)","('loadstringa', 334.0)","('getcomputernamew', 344.0)"
"('internetopenw', 323.0)","('internetopenw', 335.0)","('getcomputernamew', 330.0)","('setinformationjobobject', 333.0)","('getsysteminfo', 335.0)"
"('setwindowshookexw', 315.0)","('urldownloadtofilew', 335.0)","('system', 324.0)","('findfirstfileexw', 331.0)","('removedirectoryw', 335.0)"
"('getfilesize', 307.0)","('seterrormode', 332.0)","('findresourceexa', 316.0)","('getcomputernamew', 320.0)","('regclosekey', 331.0)"
"('regclosekey', 305.0)","('cryptunprotectmemory', 327.0)","('setfilepointerex', 315.0)","('globalmemorystatus', 316.0)","('setwindowshookexw', 328.0)"
"('ntquerymultiplevaluekey', 299.0)","('regclosekey', 326.0)","('setwindowshookexw', 314.0)","('getfilesize', 314.0)","('getsystemdirectorya', 312.0)"
"('certopensystemstorea', 292.0)","('socket', 315.0)","('urldownloadtofilew', 313.0)","('getfileversioninfow', 314.0)","('getfileversioninfow', 303.0)"
"('wsaconnect', 289.0)","('setfilepointerex', 313.0)","('cryptunprotectmemory', 310.0)","('regcreatekeyexa', 305.0)","('regsetvalueexa', 303.0)"
"('regsetvalueexa', 287.0)","('coinitializeex', 308.0)","('getvolumepathnamesforvolumenamew', 307.0)","('getsysteminfo', 300.0)","('regcreatekeyexa', 302.0)"
"('getcomputernamew', 280.0)","('getcomputernamew', 298.0)","('regqueryinfokeya', 306.0)","('obtainuseragentstring', 299.0)","('ntopenkey', 293.0)"
"('getkeyboardstate', 277.0)","('getsysteminfo', 297.0)","('getfileversioninfow', 304.0)","('regclosekey', 293.0)","('wsaconnect', 293.0)"
"('ntqueryinformationfile', 277.0)","('regqueryinfokeya', 282.0)","('select', 294.0)","('setfilepointerex', 292.0)","('ntqueryfullattributesfile', 290.0)"
"('getsysteminfo', 273.0)","('findwindowexw', 278.0)","('ntqueryinformationfile', 290.0)","('ntopenkey', 287.0)","('getfilesize', 287.0)"
"('regcreatekeyexa', 272.0)","('ntopenkey', 276.0)","('obtainuseragentstring', 287.0)","('regdeletevaluew', 282.0)","('copyfilew', 286.0)"
"('coinitializeex', 268.0)","('select', 270.0)","('getcomputernamea', 274.0)","('coinitializeex', 281.0)","('internetopenw', 283.0)"
"('getfileversioninfow', 268.0)","('cryptdecrypt', 269.0)","('copyfilew', 273.0)","('enumservicesstatusw', 278.0)","('findfirstfileexw', 280.0)"
"('findwindowexw', 262.0)","('copyfilew', 265.0)","('sendnotifymessagea', 273.0)","('ntqueryinformationfile', 276.0)","('module32nextw', 279.0)"
"('select', 262.0)","('enumservicesstatusw', 265.0)","('findwindowexa', 267.0)","('wsaconnect', 276.0)","('enumservicesstatusw', 276.0)"
"('shutdown', 255.0)","('median_tid_counts', 264.0)","('setinformationjobobject', 262.0)","('setwindowshookexw', 273.0)","('setfilepointerex', 269.0)"
"('ntdeletevaluekey', 254.0)","('findfirstfileexw', 259.0)","('thread32first', 261.0)","('getasynckeystate', 269.0)","('select', 262.0)"
"('obtainuseragentstring', 248.0)","('ntdeletevaluekey', 257.0)","('getkeyboardstate', 260.0)","('copyfilew', 265.0)","('getkeyboardstate', 248.0)"
"('getbestinterfaceex', 245.0)","('sendnotifymessagea', 256.0)","('wsaconnect', 256.0)","('thread32first', 265.0)","('shutdown', 242.0)"
"('internetgetconnectedstate', 244.0)","('setinformationjobobject', 256.0)","('median_tid_counts', 250.0)","('shutdown', 263.0)","('regenumkeyexw', 240.0)"
"('copyfilew', 242.0)","('removedirectoryw', 253.0)","('coinitializeex', 248.0)","('regqueryinfokeya', 258.0)","('globalmemorystatus', 236.0)"
"('ntopenkey', 242.0)","('ntqueryinformationfile', 251.0)","('certopensystemstorea', 246.0)","('setfilepointer', 258.0)","('ntqueryinformationfile', 235.0)"
"('regdeletevaluew', 242.0)","('wsaconnect', 251.0)","('ntopenkey', 241.0)","('ntdeletevaluekey', 256.0)","('getusernameexw', 233.0)"
"('loadstringw', 240.0)","('module32nextw', 249.0)","('internetopenw', 237.0)","('internetopenw', 254.0)","('internetopena', 232.0)"
"('getvolumepathnamew', 233.0)","('setwindowshookexw', 248.0)","('getfilesize', 234.0)","('internetopena', 251.0)","('ntopenprocess', 230.0)"
"('sendnotifymessagea', 232.0)","('thread32first', 244.0)","('regcreatekeyexa', 230.0)","('module32nextw', 249.0)","('internetgetconnectedstate', 229.0)"
"('setfilepointer', 229.0)","('certopensystemstorea', 241.0)","('regdeletevaluew', 228.0)","('median_tid_counts', 247.0)","('findwindowexa', 223.0)"
"('outputdebugstringa', 228.0)","('outputdebugstringa', 235.0)","('module32nextw', 226.0)","('findwindowexa', 244.0)","('getcomputernamea', 222.0)"
"('urldownloadtofilew', 228.0)","('getfileversioninfow', 232.0)","('getusernamew', 223.0)","('getforegroundwindow', 239.0)","('regqueryinfokeya', 221.0)"
"('ntopenmutant', 225.0)","('setfilepointer', 230.0)","('ntsetinformationfile', 218.0)","('urldownloadtofilew', 237.0)","('coinitializeex', 219.0)"
"('median_tid_counts', 224.0)","('sizeofresource', 226.0)","('median_api_counts', 211.0)","('cryptdecrypt', 222.0)","('getasynckeystate', 219.0)"
"('regqueryinfokeya', 223.0)","('getvolumepathnamew', 224.0)","('getsysteminfo', 210.0)","('getcomputernamea', 214.0)","('socket', 219.0)"
"('thread32first', 223.0)","('shutdown', 224.0)","('getusernameexw', 209.0)","('regenumkeyexw', 213.0)","('median_tid_counts', 214.0)"
"('getvolumepathnamesforvolumenamew', 222.0)","('findresourcea', 223.0)","('socket', 202.0)","('median_api_counts', 210.0)","('ntsetinformationfile', 211.0)"
"('globalmemorystatus', 215.0)","('globalmemorystatus', 218.0)","('ntdeletevaluekey', 198.0)","('ioctlsocket', 209.0)","('sizeofresource', 210.0)"
"('getasynckeystate', 213.0)","('getcomputernamea', 216.0)","('regdeletevaluea', 198.0)","('deleteurlcacheentryw', 207.0)","('getusernamew', 201.0)"
"('getforegroundwindow', 207.0)","('regdeletevaluew', 214.0)","('findresourcea', 195.0)","('coinitializesecurity', 205.0)","('sendnotifymessagea', 201.0)"
"('createtoolhelp32snapshot', 204.0)","('getkeyboardstate', 213.0)","('ntduplicateobject', 192.0)","('createtoolhelp32snapshot', 205.0)","('regdeletevaluew', 200.0)"
"('findwindowexa', 203.0)","('findwindowexa', 212.0)","('setfilepointer', 188.0)","('certopensystemstorea', 204.0)","('setfilepointer', 199.0)"
"('iwbemservices_execmethod', 201.0)","('deleteurlcacheentryw', 207.0)","('ioctlsocket', 185.0)","('getusernameexw', 202.0)","('getforegroundwindow', 195.0)"
"('ntsetinformationfile', 201.0)","('copyfilea', 204.0)","('ntsetcontextthread', 183.0)","('getvolumepathnamew', 202.0)","('ntdeletevaluekey', 189.0)"
"('module32nextw', 199.0)","('createtoolhelp32snapshot', 203.0)","('internetgetconnectedstate', 181.0)","('internetgetconnectedstate', 202.0)","('median_api_counts', 188.0)"
"('socket', 198.0)","('getvolumepathnamesforvolumenamew', 203.0)","('sizeofresource', 181.0)","('openscmanagerw', 201.0)","('outputdebugstringa', 188.0)"
"('sizeofresource', 196.0)","('getusernamew', 202.0)","('timegettime', 180.0)","('ntopenmutant', 196.0)","('ioctlsocket', 185.0)"
"('getusernameexw', 195.0)","('ntopenprocess', 200.0)","('enumservicesstatusw', 179.0)","('outputdebugstringa', 193.0)","('ntsetcontextthread', 184.0)"
"('enumservicesstatusw', 191.0)","('rtladdvectoredcontinuehandler', 200.0)","('globalmemorystatus', 177.0)","('socket', 192.0)","('getvolumepathnamesforvolumenamew', 183.0)"
"('getusernamew', 187.0)","('ioctlsocket', 194.0)","('getfileattributesw', 175.0)","('select', 189.0)","('cryptdecrypt', 181.0)"
"('deleteurlcacheentryw', 185.0)","('regenumvaluea', 193.0)","('internetopena', 175.0)","('getkeyboardstate', 186.0)","('certopensystemstorea', 179.0)"
"('openscmanagerw', 185.0)","('getusernameexw', 186.0)","('ntopenmutant', 174.0)","('ntsetcontextthread', 186.0)","('cocreateinstanceex', 177.0)"
"('regenumkeyexw', 182.0)","('getvolumenameforvolumemountpointw', 183.0)","('getforegroundwindow', 173.0)","('iwbemservices_execmethod', 185.0)","('internetclosehandle', 174.0)"
"('ntsetcontextthread', 177.0)","('ntsetinformationfile', 183.0)","('getvolumenameforvolumemountpointw', 170.0)","('ntduplicateobject', 183.0)","('thread32first', 174.0)"
"('ntopenprocess', 173.0)","('rtldecompressbuffer', 181.0)","('deleteurlcacheentryw', 169.0)","('getvolumepathnamesforvolumenamew', 174.0)","('ntenumeratekey', 168.0)"
"('getcomputernamea', 168.0)","('readcabinetstate', 180.0)","('iwbemservices_execmethod', 167.0)","('ntenumeratekey', 173.0)","('getfileversioninfosizeexw', 167.0)"
"('findresourcea', 166.0)","('internetreadfile', 178.0)","('ntenumeratekey', 167.0)","('ntsetinformationfile', 173.0)","('createtoolhelp32snapshot', 166.0)"
"('rtladdvectoredcontinuehandler', 163.0)","('internetgetconnectedstate', 170.0)","('coinitializesecurity', 163.0)","('openservicea', 163.0)","('setfileattributesw', 165.0)"
"('assignprocesstojobobject', 159.0)","('ntopenmutant', 170.0)","('regenumkeyexw', 162.0)","('getusernamew', 162.0)","('loadstringw', 157.0)"
"('median_api_counts', 155.0)","('getfileversioninfosizeexw', 169.0)","('rtladdvectoredcontinuehandler', 161.0)","('getdiskfreespacew', 160.0)","('getcursorpos', 152.0)"
"('getfileversioninfosizeexw', 154.0)","('iwbemservices_execmethod', 169.0)","('ntopenprocess', 159.0)","('regenumvaluea', 159.0)","('iwbemservices_execmethod', 152.0)"
"('copyfilea', 148.0)","('internetclosehandle', 168.0)","('uuidcreate', 159.0)","('findresourcea', 158.0)","('regenumvaluea', 151.0)"
"('regenumvaluea', 146.0)","('regenumkeyexw', 164.0)","('regenumvaluea', 152.0)","('getvolumenameforvolumemountpointw', 158.0)","('coinitializesecurity', 150.0)"
"('openservicea', 142.0)","('internetopena', 163.0)","('getfileversioninfosizeexw', 151.0)","('ntopenprocess', 156.0)","('getfileattributesw', 150.0)"
"('ioctlsocket', 140.0)","('openservicea', 161.0)","('cryptacquirecontexta', 150.0)","('getfileversioninfosizeexw', 155.0)","('getvolumenameforvolumemountpointw', 148.0)"
"('cocreateinstanceex', 139.0)","('ntenumeratekey', 159.0)","('openscmanagerw', 150.0)","('removedirectoryw', 155.0)","('ntopenmutant', 148.0)"
"('coinitializesecurity', 139.0)","('regdeletevaluea', 158.0)","('setfileattributesw', 149.0)","('sendto', 149.0)","('getvolumepathnamew', 142.0)"
"('getadaptersinfo', 139.0)","('startservicea', 157.0)","('process32firstw', 148.0)","('copyfilea', 148.0)","('assignprocesstojobobject', 135.0)"
"('ntenumeratekey', 126.0)","('coinitializesecurity', 156.0)","('outputdebugstringa', 146.0)","('rtladdvectoredcontinuehandler', 145.0)","('deleteurlcacheentryw', 133.0)"
"('readcabinetstate', 125.0)","('getbestinterfaceex', 154.0)","('cocreateinstanceex', 144.0)","('loadstringw', 144.0)","('regdeletevaluea', 133.0)"
"('internetopena', 124.0)","('getforegroundwindow', 154.0)","('getvolumepathnamew', 142.0)","('regdeletevaluea', 143.0)","('openscmanagerw', 130.0)"
"('ntduplicateobject', 123.0)","('sendto', 152.0)","('internetclosehandle', 136.0)","('startservicea', 143.0)","('timegettime', 125.0)"
"('startservicea', 121.0)","('ntsetcontextthread', 148.0)","('copyfilea', 131.0)","('assignprocesstojobobject', 140.0)","('uuidcreate', 124.0)"
"('regsetvalueexw', 120.0)","('getdiskfreespacew', 147.0)","('getasynckeystate', 127.0)","('uuidcreate', 139.0)","('openservicea', 123.0)"
"('getvolumenameforvolumemountpointw', 116.0)","('openscmanagerw', 144.0)","('getadaptersinfo', 125.0)","('timegettime', 134.0)","('getfileversioninfosizew', 122.0)"
"('getfileinformationbyhandle', 114.0)","('setwindowshookexa', 139.0)","('ntcreatefile', 123.0)","('regsetvalueexw', 128.0)","('ntduplicateobject', 121.0)"
"('openscmanagera', 113.0)","('ntcreatefile', 138.0)","('openscmanagera', 117.0)","('cocreateinstanceex', 126.0)","('getdiskfreespacew', 119.0)"
"('ntfreevirtualmemory', 110.0)","('openscmanagera', 137.0)","('getdiskfreespacew', 114.0)","('getbestinterfaceex', 126.0)","('regsetvalueexw', 117.0)"
"('uuidcreate', 104.0)","('timegettime', 137.0)","('getfileversioninfosizew', 108.0)","('getcursorpos', 125.0)","('sendto', 116.0)"
"('setwindowshookexa', 97.0)","('getasynckeystate', 128.0)","('readcabinetstate', 105.0)","('messageboxtimeouta', 123.0)","('getbestinterfaceex', 110.0)"
"('regdeletevaluea', 95.0)","('getadaptersinfo', 124.0)","('shgetfolderpathw', 104.0)","('sizeofresource', 123.0)","('ntcreatefile', 110.0)"
"('getfileversioninfosizew', 94.0)","('setfileattributesw', 120.0)","('openservicea', 99.0)","('cryptacquirecontexta', 111.0)","('findresourcea', 109.0)"
"('gettimezoneinformation', 87.0)","('ntduplicateobject', 118.0)","('startservicea', 99.0)","('process32firstw', 111.0)","('getadaptersinfo', 109.0)"
"('getdiskfreespacew', 85.0)","('uuidcreate', 115.0)","('assignprocesstojobobject', 98.0)","('readcabinetstate', 111.0)","('startservicea', 104.0)"
"('ntcreatefile', 83.0)","('regsetvalueexw', 113.0)","('getbestinterfaceex', 95.0)","('setwindowshookexa', 105.0)","('copyfilea', 103.0)"
"('timegettime', 83.0)","('ntquerydirectoryfile', 112.0)","('rtldecompressbuffer', 94.0)","('getadaptersinfo', 104.0)","('getfileinformationbyhandle', 101.0)"
"('process32firstw', 82.0)","('assignprocesstojobobject', 111.0)","('sendto', 92.0)","('openscmanagera', 104.0)","('internetreadfile', 101.0)"
"('sendto', 81.0)","('cocreateinstanceex', 106.0)","('internetreadfile', 91.0)","('getfileversioninfosizew', 103.0)","('cryptacquirecontexta', 99.0)"
"('getcursorpos', 78.0)","('dnsquery_w', 106.0)","('setwindowshookexa', 91.0)","('rtldecompressbuffer', 100.0)","('openscmanagera', 99.0)"
"('writeconsolew', 78.0)","('shgetfolderpathw', 103.0)","('loadstringw', 87.0)","('setfileattributesw', 100.0)","('readcabinetstate', 98.0)"
"('shgetfolderpathw', 75.0)","('process32firstw', 100.0)","('messageboxtimeouta', 87.0)","('dnsquery_w', 93.0)","('rtladdvectoredcontinuehandler', 96.0)"
"('getfileattributesw', 65.0)","('getcursorpos', 95.0)","('copyfileexw', 85.0)","('shgetfolderpathw', 93.0)","('createservicea', 95.0)"
"('ntsetvaluekey', 63.0)","('getfileattributesw', 93.0)","('writeconsolew', 85.0)","('getfileinformationbyhandle', 92.0)","('regopenkeyexw', 91.0)"
"('setfileattributesw', 61.0)","('getfileversioninfosizew', 88.0)","('getaddrinfow', 84.0)","('getfileattributesw', 85.0)","('getusernameexa', 87.0)"
"('createprocessinternalw', 60.0)","('cryptacquirecontextw', 86.0)","('getcursorpos', 84.0)","('getaddrinfo', 83.0)","('ntquerydirectoryfile', 87.0)"
"('cryptacquirecontexta', 60.0)","('getusernameexa', 83.0)","('getfileinformationbyhandle', 80.0)","('ntcreatefile', 82.0)","('process32firstw', 84.0)"
"('regopenkeyexw', 60.0)","('cryptacquirecontexta', 78.0)","('regsetvalueexw', 79.0)","('ntquerydirectoryfile', 80.0)","('cryptgenkey', 82.0)"
"('netgetjoininformation', 59.0)","('messageboxtimeouta', 72.0)","('getadaptersaddresses', 65.0)","('gettimezoneinformation', 79.0)","('writeconsolew', 72.0)"
"('ntquerydirectoryfile', 57.0)","('copyfileexw', 67.0)","('connect', 64.0)","('createservicea', 74.0)","('gettimezoneinformation', 69.0)"
"('getaddrinfo', 54.0)","('loadstringw', 66.0)","('cryptgenkey', 62.0)","('copyfileexw', 69.0)","('copyfileexw', 68.0)"
"('messageboxtimeouta', 53.0)","('createprocessinternalw', 64.0)","('regopenkeyexw', 62.0)","('writeconsolew', 68.0)","('setwindowshookexa', 68.0)"
"('createservicea', 51.0)","('getaddrinfow', 64.0)","('createprocessinternalw', 60.0)","('cryptacquirecontextw', 59.0)","('writeprocessmemory', 68.0)"
"('dnsquery_w', 51.0)","('findresourcew', 60.0)","('getusernameexa', 60.0)","('cryptgenkey', 56.0)","('messageboxtimeouta', 67.0)"
"('getaddrinfow', 45.0)","('writeprocessmemory', 59.0)","('getinterfaceinfo', 58.0)","('ntsetvaluekey', 56.0)","('ntsetvaluekey', 62.0)"
"('internetsetstatuscallback', 45.0)","('getadaptersaddresses', 57.0)","('gettimezoneinformation', 48.0)","('createprocessinternalw', 51.0)","('shgetfolderpathw', 57.0)"
"('findresourcew', 43.0)","('getfileinformationbyhandle', 52.0)","('createtoolhelp32snapshot', 47.0)","('getadaptersaddresses', 48.0)","('getaddrinfow', 56.0)"
"('cryptacquirecontextw', 40.0)","('gettimezoneinformation', 52.0)","('cryptacquirecontextw', 47.0)","('internetreadfile', 47.0)","('thread32next', 55.0)"
"('copyfileexw', 38.0)","('thread32next', 50.0)","('cryptcreatehash', 47.0)","('writeprocessmemory', 47.0)","('findresourcew', 50.0)"
"('cryptgenkey', 35.0)","('createservicea', 45.0)","('createservicea', 44.0)","('cocreateinstance', 46.0)","('cryptacquirecontextw', 49.0)"
"('getsystemtimeasfiletime', 34.0)","('regdeletekeyw', 43.0)","('dnsquery_w', 44.0)","('getusernameexa', 41.0)","('getaddrinfo', 47.0)"
"('internetopenurlw', 34.0)","('ntsetvaluekey', 42.0)","('ntsavekey', 42.0)","('cryptcreatehash', 38.0)","('dnsquery_w', 46.0)"
"('rtldecompressbuffer', 34.0)","('wsasocketa', 42.0)","('netgetjoininformation', 41.0)","('getaddrinfow', 38.0)","('removedirectorya', 44.0)"
"('internetreadfile', 33.0)","('module32firstw', 40.0)","('cryptdecrypt', 40.0)","('getshortpathnamew', 38.0)","('rtldecompressbuffer', 44.0)"
"('regenumkeyw', 32.0)","('netgetjoininformation', 40.0)","('cocreateinstance', 37.0)","('__exception__', 36.0)","('createprocessinternalw', 36.0)"
"('internetqueryoptiona', 31.0)","('findwindowa', 38.0)","('getaddrinfo', 33.0)","('ntfreevirtualmemory', 36.0)","('cocreateinstance', 35.0)"
"('__exception__', 29.0)","('ntfreevirtualmemory', 38.0)","('thread32next', 33.0)","('ntreadfile', 36.0)","('internetopenurlw', 30.0)"
"('regdeletekeyw', 29.0)","('ntqueryvaluekey', 34.0)","('findresourcew', 31.0)","('internetcrackurlw', 32.0)","('regenumkeyw', 28.0)"
"('getusernameexa', 28.0)","('ntsavekey', 34.0)","('removedirectorya', 31.0)","('connect', 31.0)","('ntterminateprocess', 27.0)"
"('ntsavekey', 28.0)","('__exception__', 33.0)","('ntfreevirtualmemory', 29.0)","('regdeletekeyw', 31.0)","('shgetspecialfolderlocation', 26.0)"
"('ntterminateprocess', 28.0)","('internetcrackurla', 33.0)","('getsystemtimeasfiletime', 27.0)","('regenumkeyw', 31.0)","('ntqueryvaluekey', 25.0)"
"('getshortpathnamew', 26.0)","('writeconsolew', 33.0)","('internetopenurlw', 27.0)","('internetsetstatuscallback', 28.0)","('ntreadfile', 25.0)"
"('thread32next', 26.0)","('cryptgenkey', 31.0)","('module32firstw', 26.0)","('internetclosehandle', 27.0)","('internetsetstatuscallback', 24.0)"
"('cocreateinstance', 24.0)","('getshortpathnamew', 31.0)","('ntquerydirectoryfile', 25.0)","('ldrunloaddll', 27.0)","('ldrunloaddll', 24.0)"
"('connect', 24.0)","('regopenkeyexw', 31.0)","('ntsetvaluekey', 24.0)","('regopenkeyexw', 26.0)","('module32firstw', 23.0)"
"('internetclosehandle', 24.0)","('cocreateinstance', 30.0)","('regdeletekeyw', 24.0)","('wsasocketa', 26.0)","('internetconnecta', 22.0)"
"('internetconnecta', 24.0)","('bind', 29.0)","('internetsetstatuscallback', 22.0)","('getsystemtimeasfiletime', 24.0)","('internetcrackurla', 22.0)"
"('removedirectorya', 22.0)","('getinterfaceinfo', 29.0)","('regenumkeyw', 21.0)","('internetcrackurla', 23.0)","('netgetjoininformation', 21.0)"
"('getinterfaceinfo', 21.0)","('internetconnectw', 29.0)","('internetqueryoptiona', 20.0)","('findresourcew', 22.0)","('findwindowa', 20.0)"
"('searchpathw', 19.0)","('getaddrinfo', 27.0)","('getdiskfreespaceexw', 19.0)","('ntsavekey', 22.0)","('getshortpathnamew', 20.0)"
"('cryptdecrypt', 17.0)","('connect', 24.0)","('internetconnecta', 19.0)","('ntdelayexecution', 19.0)","('getsystemtimeasfiletime', 20.0)"
"('getadaptersaddresses', 17.0)","('ntterminateprocess', 24.0)","('internetconnectw', 18.0)","('findwindowa', 18.0)","('internetqueryoptiona', 20.0)"
"('internetcrackurlw', 16.0)","('ldrunloaddll', 22.0)","('internetcrackurlw', 17.0)","('ntterminateprocess', 18.0)","('getadaptersaddresses', 19.0)"
"('wsasocketa', 16.0)","('internetopenurlw', 21.0)","('ntreadfile', 17.0)","('getinterfaceinfo', 17.0)","('getdiskfreespaceexw', 19.0)"
"('bind', 15.0)","('searchpathw', 19.0)","('getshortpathnamew', 16.0)","('removedirectorya', 17.0)","('wsasocketa', 18.0)"
"('internetcrackurla', 14.0)","('getsystemtimeasfiletime', 17.0)","('ldrunloaddll', 16.0)","('netgetjoininformation', 16.0)","('getinterfaceinfo', 17.0)"
"('ldrunloaddll', 14.0)","('internetqueryoptiona', 16.0)","('searchpathw', 16.0)","('bind', 14.0)","('ntsavekey', 17.0)"
"('shgetspecialfolderlocation', 14.0)","('regenumkeyw', 15.0)","('wsasocketa', 14.0)","('internetconnectw', 12.0)","('cryptcreatehash', 15.0)"
"('cryptcreatehash', 13.0)","('unhookwindowshookex', 14.0)","('regcreatekeyexw', 13.0)","('internetopenurlw', 12.0)","('gethostbyname', 15.0)"
"('regcreatekeyexw', 13.0)","('internetcrackurlw', 13.0)","('internetcrackurla', 12.0)","('thread32next', 12.0)","('unhookwindowshookex', 15.0)"
"('ntdelayexecution', 12.0)","('cryptcreatehash', 11.0)","('ntterminateprocess', 9.0)","('getdiskfreespaceexw', 11.0)","('internetcrackurlw', 14.0)"
"('getdiskfreespaceexw', 10.0)","('regcreatekeyexw', 11.0)","('findwindowa', 8.0)","('searchpathw', 11.0)","('regdeletekeyw', 12.0)"
"('unhookwindowshookex', 10.0)","('getfiletype', 10.0)","('sendnotifymessagew', 8.0)","('module32firstw', 9.0)","('searchpathw', 11.0)"
"('httpopenrequesta', 9.0)","('internetsetoptiona', 10.0)","('shgetspecialfolderlocation', 8.0)","('internetsetoptiona', 8.0)","('bind', 10.0)"
"('ntreadfile', 9.0)","('ntquerykey', 10.0)","('enumservicesstatusa', 7.0)","('shgetspecialfolderlocation', 8.0)","('internetconnectw', 10.0)"
"('internetconnectw', 8.0)","('regdeletekeya', 10.0)","('ntquerykey', 7.0)","('internetconnecta', 7.0)","('ntdelayexecution', 9.0)"
"('certcreatecertificatecontext', 7.0)","('shgetspecialfolderlocation', 10.0)","('unhookwindowshookex', 7.0)","('internetqueryoptiona', 7.0)","('httpopenrequesta', 8.0)"
"('findwindowa', 6.0)","('getdiskfreespaceexw', 9.0)","('httpsendrequesta', 5.0)","('regcreatekeyexw', 7.0)","('connect', 7.0)"
"('regdeletekeya', 6.0)","('internetsetstatuscallback', 9.0)","('accept', 4.0)","('ntqueryvaluekey', 6.0)","('ntwritevirtualmemory', 6.0)"
"('httpsendrequesta', 4.0)","('removedirectorya', 9.0)","('gethostbyname', 4.0)","('unhookwindowshookex', 6.0)","('__exception__', 5.0)"
"('cryptdecodeobjectex', 3.0)","('ntreadfile', 8.0)","('httpopenrequesta', 4.0)","('getfiletype', 5.0)","('httpopenrequestw', 5.0)"
"('module32firstw', 3.0)","('internetconnecta', 7.0)","('ntdelayexecution', 4.0)","('httpopenrequesta', 5.0)","('internetsetoptiona', 5.0)"
"('ntquerykey', 3.0)","('globalmemorystatusex', 6.0)","('ntwritevirtualmemory', 4.0)","('regdeletekeya', 5.0)","('ntfreevirtualmemory', 5.0)"
"('ntwritevirtualmemory', 3.0)","('httpopenrequesta', 6.0)","('globalmemorystatusex', 3.0)","('sendnotifymessagew', 4.0)","('httpqueryinfoa', 4.0)"
"('regenumvaluew', 3.0)","('httpqueryinfoa', 5.0)","('regdeletekeya', 3.0)","('enumservicesstatusa', 3.0)","('readprocessmemory', 4.0)"
"('accept', 2.0)","('createdirectoryw', 4.0)","('regenumvaluew', 3.0)","('httpopenrequestw', 3.0)","('globalmemorystatusex', 3.0)"
"('cryptencrypt', 2.0)","('ntdelayexecution', 4.0)","('rtlcreateuserthread', 3.0)","('ntdeletekey', 3.0)","('ntquerykey', 3.0)"
"('enumservicesstatusa', 2.0)","('cryptdecodeobjectex', 3.0)","('send', 3.0)","('httpsendrequesta', 2.0)","('regdeletekeya', 3.0)"
"('getfiletype', 2.0)","('httpopenrequestw', 3.0)","('__exception__', 2.0)","('ntwritevirtualmemory', 2.0)","('cryptdecodeobjectex', 2.0)"
"('getfileversioninfoexw', 2.0)","('ntwritevirtualmemory', 3.0)","('bind', 2.0)","('regenumvaluew', 2.0)","('cryptunprotectdata', 2.0)"
"('httpopenrequestw', 2.0)","('startservicew', 3.0)","('createdirectoryw', 2.0)","('rtlcreateuserthread', 2.0)","('regenumvaluew', 2.0)"
"('rtladdvectoredexceptionhandler', 2.0)","('accept', 2.0)","('httpopenrequestw', 2.0)","('wsasend', 2.0)","('sendnotifymessagew', 2.0)"
"('startservicew', 2.0)","('certcreatecertificatecontext', 2.0)","('internetsetoptiona', 2.0)","('certcreatecertificatecontext', 1.0)","('startservicew', 2.0)"
"('wsasend', 2.0)","('deletefilew', 2.0)","('ntresumethread', 2.0)","('cryptencrypt', 1.0)","('certcreatecertificatecontext', 1.0)"
"('createdirectoryw', 1.0)","('rtladdvectoredexceptionhandler', 2.0)","('readprocessmemory', 2.0)","('cryptprotectdata', 1.0)","('createdirectoryw', 1.0)"
"('crypthashdata', 1.0)","('cryptencrypt', 1.0)","('cryptprotectdata', 1.0)","('cryptunprotectdata', 1.0)","('enumservicesstatusa', 1.0)"
"('cryptunprotectdata', 1.0)","('httpsendrequesta', 1.0)","('cryptunprotectdata', 1.0)","('getfileversioninfoexw', 1.0)","('httpsendrequesta', 1.0)"
"('deletefilew', 1.0)","('internetopenurla', 1.0)","('deletefilew', 1.0)","('httpqueryinfoa', 1.0)","('internetopenurla', 1.0)"
"('gethostbyname', 1.0)","('movefilewithprogressw', 1.0)","('httpqueryinfoa', 1.0)","('movefilewithprogressw', 1.0)","('rtladdvectoredexceptionhandler', 1.0)"
"('globalmemorystatusex', 1.0)","('ntdeletekey', 1.0)","('ntqueryvaluekey', 1.0)","('ntresumethread', 1.0)","('send', 1.0)"
"('Null', 0)","('readprocessmemory', 1.0)","('rtladdvectoredexceptionhandler', 1.0)","('rtladdvectoredexceptionhandler', 1.0)","('wsasend', 1.0)"
"('Null', 0)","('regenumvaluew', 1.0)","('wsasend', 1.0)","('Null', 0)","('Null', 0)"
"('Null', 0)","('setfiletime', 1.0)","('Null', 0)","('Null', 0)","('Null', 0)"
"('Null', 0)","('Null', 0)","('Null', 0)","('Null', 0)","('Null', 0)"
"('Null', 0)","('Null', 0)","('Null', 0)","('Null', 0)","('Null', 0)"
"('Null', 0)","('Null', 0)","('Null', 0)","('Null', 0)","('Null', 0)"
"('Null', 0)","('Null', 0)","('Null', 0)","('Null', 0)","('Null', 0)"
"('Null', 0)","('Null', 0)","('Null', 0)","('Null', 0)","('Null', 0)"
"('Null', 0)","('Null', 0)","('Null', 0)","('Null', 0)","('Null', 0)"
"('Null', 0)","('Null', 0)","('Null', 0)","('Null', 0)","('Null', 0)"
"('Null', 0)","('Null', 0)","('Null', 0)","('Null', 0)","('Null', 0)"
"('Null', 0)","('Null', 0)","('Null', 0)","('Null', 0)","('Null', 0)"
"('Null', 0)","('Null', 0)","('Null', 0)","('Null', 0)","('Null', 0)"
"('Null', 0)","('Null', 0)","('Null', 0)","('Null', 0)","('Null', 0)"
"('Null', 0)","('Null', 0)","('Null', 0)","('Null', 0)","('Null', 0)"
"('Null', 0)","('Null', 0)","('Null', 0)","('Null', 0)","('Null', 0)"
"('Null', 0)","('Null', 0)","('Null', 0)","('Null', 0)","('Null', 0)"
"('Null', 0)","('Null', 0)","('Null', 0)","('Null', 0)","('Null', 0)"
"('Null', 0)","('Null', 0)","('Null', 0)","('Null', 0)","('Null', 0)"
"('Null', 0)","('Null', 0)","('Null', 0)","('Null', 0)","('Null', 0)"
"('Null', 0)","('Null', 0)","('Null', 0)","('Null', 0)","('Null', 0)"
"('Null', 0)","('Null', 0)","('Null', 0)","('Null', 0)","('Null', 0)"
"('Null', 0)","('Null', 0)","('Null', 0)","('Null', 0)","('Null', 0)"
"('Null', 0)","('Null', 0)","('Null', 0)","('Null', 0)","('Null', 0)"
"('Null', 0)","('Null', 0)","('Null', 0)","('Null', 0)","('Null', 0)"
"('Null', 0)","('Null', 0)","('Null', 0)","('Null', 0)","('Null', 0)"
"('Null', 0)","('Null', 0)","('Null', 0)","('Null', 0)","('Null', 0)"
"('Null', 0)","('Null', 0)","('Null', 0)","('Null', 0)","('Null', 0)"
"('Null', 0)","('Null', 0)","('Null', 0)","('Null', 0)","('Null', 0)"
"('Null', 0)","('Null', 0)","('Null', 0)","('Null', 0)","('Null', 0)"
"('Null', 0)","('Null', 0)","('Null', 0)","('Null', 0)","('Null', 0)"
"('Null', 0)","('Null', 0)","('Null', 0)","('Null', 0)","('Null', 0)"
"('Null', 0)","('Null', 0)","('Null', 0)","('Null', 0)","('Null', 0)"
"('Null', 0)","('Null', 0)","('Null', 0)","('Null', 0)","('Null', 0)"
"('Null', 0)","('Null', 0)","('Null', 0)","('Null', 0)","('Null', 0)"
"('Null', 0)","('Null', 0)","('Null', 0)","('Null', 0)","('Null', 0)"
"('Null', 0)","('Null', 0)","('Null', 0)","('Null', 0)","('Null', 0)"
